{
  "n_prompts": 50,
  "max_new_tokens": 100,
  "batch_size": 8,
  "results": {
    "serial": {
      "time": 151.14948296546936,
      "gen_tokens": 5000,
      "qps": 0.330798352855912,
      "tps": 33.0798352855912
    },
    "batch": {
      "time": 23.73223114013672,
      "gen_tokens": 5000,
      "qps": 2.1068394161827615,
      "tps": 210.68394161827615
    },
    "vllm": {
      "time": 1.7489674091339111,
      "gen_tokens": 4583,
      "qps": 28.588297151151608,
      "tps": 2620.4033168745564
    }
  }
}